Container, 0, 0, 0, 818.707, 818.707, 0
Container, 0, HOST, 0, 818.707, 818.707, 100126290
Container, 0, HOST, 0, 818.707, 818.707, 100117943
Container, 0, HOST, 0, 818.707, 818.707, 100094952
Container, 0, HOST, 0, 818.707, 818.707, 100090691
Container, 0, HOST, 0, 818.707, 818.707, 100066658
Container, 0, HOST, 0, 818.707, 818.707, 100429957
Container, 0, HOST, 0, 818.707, 818.707, 100055671
Container, 0, HOST, 0, 818.707, 818.707, 100427449
Container, 0, HOST, 0, 818.707, 818.707, 100422926
Container, 0, HOST, 0, 818.707, 818.707, 100416828
Container, 0, HOST, 0, 818.707, 818.707, 100413314
Container, 0, HOST, 0, 818.707, 818.707, 100404046
Container, 0, HOST, 0, 818.707, 818.707, 100379397
Container, 0, HOST, 0, 818.707, 818.707, 100359203
Container, 0, HOST, 0, 818.707, 818.707, 100355017
Container, 0, HOST, 0, 818.707, 818.707, 100354536
Container, 0, HOST, 0, 818.707, 818.707, 100347816
Container, 0, HOST, 0, 818.707, 818.707, 100041334
Container, 0, HOST, 0, 818.707, 818.707, 100331484
Container, 0, HOST, 0, 818.707, 818.707, 100326641
Container, 0, HOST, 0, 818.707, 818.707, 100324694
Container, 0, HOST, 0, 818.707, 818.707, 100317715
Container, 0, HOST, 0, 818.707, 818.707, 100315281
Container, 0, HOST, 0, 818.707, 818.707, 100309685
Container, 0, HOST, 0, 818.707, 818.707, 100292843
Container, 0, HOST, 0, 818.707, 818.707, 100284574
Container, 0, HOST, 0, 818.707, 818.707, 100280711
Container, 0, HOST, 0, 818.707, 818.707, 100273297
Container, 0, HOST, 0, 818.707, 818.707, 100036570
Container, 0, HOST, 0, 818.707, 818.707, 100238799
Container, 0, HOST, 0, 818.707, 818.707, 100224447
Container, 0, HOST, 0, 818.707, 818.707, 100207885
Container, 0, HOST, 0, 818.707, 818.707, 100200866
Container, 0, HOST, 0, 818.707, 818.707, 100186365
Container, 0, HOST, 0, 818.707, 818.707, 100185883
Container, 0, HOST, 0, 818.707, 818.707, 100180261
Container, 0, HOST, 0, 818.707, 818.707, 100178474
Container, 0, HOST, 0, 818.707, 818.707, 100152889
Container, 0, HOST, 0, 818.707, 818.707, 100144483
Container, 0, HOST, 0, 818.707, 818.707, 100030591
